name,smiles,cls,series,series_index,n_carbons,molecular_weight,formula,n_tokens,n_tokens_final,multiword,canonical_smiles,formula_truth,formula_got,formula_raw,class_raw,formula_ok,class_picked,class_acceptable,class_ok,passed
methane,C,alkane,alkane,1.0,1,16.043,CH4,1,1,False,C,CH4,CH4,CH4,A,True,alkane,alkane,True,True
ethane,CC,alkane,alkane,2.0,2,30.07,C2H6,2,2,False,CC,C2H6,C2H6,C2H6,A,True,alkane,alkane,True,True
propane,CCC,alkane,alkane,3.0,3,44.097,C3H8,1,1,False,CCC,C3H8,C₃H₈,C₃H₈,A,True,alkane,alkane,True,True
butane,CCCC,alkane,alkane,4.0,4,58.124,C4H10,2,2,False,CCCC,C4H10,C4H10,C4H10,A,True,alkane,alkane,True,True
pentane,CCCCC,alkane,alkane,5.0,5,72.151,C5H12,2,2,False,CCCCC,C5H12,C5H12,C5H12,A,True,alkane,alkane,True,True
hexane,CCCCCC,alkane,alkane,6.0,6,86.178,C6H14,2,2,False,CCCCCC,C6H14,C6H14,C6H14,A,True,alkane,alkane,True,True
heptane,CCCCCCC,alkane,alkane,7.0,7,100.205,C7H16,3,3,False,CCCCCCC,C7H16,C₇H₁₆,C₇H₁₆,A,True,alkane,alkane,True,True
octane,CCCCCCCC,alkane,alkane,8.0,8,114.232,C8H18,2,2,False,CCCCCCCC,C8H18,C8H18,C8H18,A,True,alkane,alkane,True,True
nonane,CCCCCCCCC,alkane,alkane,9.0,9,128.259,C9H20,2,2,False,CCCCCCCCC,C9H20,C9H20,C9H20,A,True,alkane,alkane,True,True
decane,CCCCCCCCCC,alkane,alkane,10.0,10,142.286,C10H22,2,2,False,CCCCCCCCCC,C10H22,C10H22,C10H22,A,True,alkane,alkane,True,True
ethene,C=C,alkene,alkene,2.0,2,28.053999999999995,C2H4,2,2,False,C=C,C2H4,C2H4,C2H4,B,True,alkene,alkene,True,True
propene,C=CC,alkene,alkene,3.0,3,42.081,C3H6,2,2,False,C=CC,C3H6,C₃H₆,C₃H₆,B,True,alkene,alkene,True,True
butene,C=CCC,alkene,alkene,4.0,4,56.10799999999999,C4H8,2,2,False,C=CCC,C4H8,C4H8,C4H8,B,True,alkene,alkene,True,True
pentene,C=CCCC,alkene,alkene,5.0,5,70.13499999999999,C5H10,2,2,False,C=CCCC,C5H10,C5H10,C5H10,B,True,alkene,alkene,True,True
hexene,C=CCCCC,alkene,alkene,6.0,6,84.16199999999999,C6H12,2,2,False,C=CCCCC,C6H12,C6H12,C6H12,B,True,alkene,alkene,True,True
heptene,C=CCCCCC,alkene,alkene,7.0,7,98.189,C7H14,3,3,False,C=CCCCCC,C7H14,C7H14,C7H14,B,True,alkene,alkene,True,True
octene,C=CCCCCCC,alkene,alkene,8.0,8,112.216,C8H16,2,2,False,C=CCCCCCC,C8H16,C8H16,C8H16,B,True,alkene,alkene,True,True
nonene,C=CCCCCCCC,alkene,alkene,9.0,9,126.243,C9H18,2,2,False,C=CCCCCCCC,C9H18,C9H18,C9H18,B,True,alkene,alkene,True,True
decene,C=CCCCCCCCC,alkene,alkene,10.0,10,140.27,C10H20,2,2,False,C=CCCCCCCCC,C10H20,C10H20,C10H20,B,True,alkene,alkene,True,True
methanol,CO,alcohol,alcohol,1.0,1,32.042,CH4O,2,2,False,CO,CH4O,CH₃OH,CH₃OH,D,True,alcohol,alcohol,True,True
ethanol,CCO,alcohol,alcohol,2.0,2,46.069,C2H6O,1,1,False,CCO,C2H6O,C2H5OH,C2H5OH,D,True,alcohol,alcohol,True,True
propanol,CCCO,alcohol,alcohol,3.0,3,60.096,C3H8O,3,3,False,CCCO,C3H8O,C₃H₇OH,C₃H₇OH,D,True,alcohol,alcohol,True,True
butanol,CCCCO,alcohol,alcohol,4.0,4,74.12299999999999,C4H10O,2,2,False,CCCCO,C4H10O,C4H9OH,C4H9OH,D,True,alcohol,alcohol,True,True
pentanol,CCCCCO,alcohol,alcohol,5.0,5,88.14999999999999,C5H12O,2,2,False,CCCCCO,C5H12O,C5H11OH,C5H11OH,D,True,alcohol,alcohol,True,True
hexanol,CCCCCCO,alcohol,alcohol,6.0,6,102.177,C6H14O,2,2,False,CCCCCCO,C6H14O,C6H13OH,C6H13OH,D,True,alcohol,alcohol,True,True
heptanol,CCCCCCCO,alcohol,alcohol,7.0,7,116.204,C7H16O,3,3,False,CCCCCCCO,C7H16O,C7H16O,C7H16O,D,True,alcohol,alcohol,True,True
octanol,CCCCCCCCO,alcohol,alcohol,8.0,8,130.23100000000002,C8H18O,2,2,False,CCCCCCCCO,C8H18O,C8H17OH,C8H17OH,D,True,alcohol,alcohol,True,True
nonanol,CCCCCCCCCO,alcohol,alcohol,9.0,9,144.258,C9H20O,2,2,False,CCCCCCCCCO,C9H20O,C9H20O,C9H20O,D,True,alcohol,alcohol,True,True
decanol,CCCCCCCCCCO,alcohol,alcohol,10.0,10,158.285,C10H22O,2,2,False,CCCCCCCCCCO,C10H22O,C10H22O,C10H22O,D,True,alcohol,alcohol,True,True
formic acid,C(=O)O,carboxylic_acid,acid,1.0,1,46.025000000000006,CH2O2,3,1,True,O=CO,CH2O2,HCOOH,HCOOH,G,True,carboxylic acid,carboxylic acid,True,True
acetic acid,CC(=O)O,carboxylic_acid,acid,2.0,2,60.05200000000001,C2H4O2,3,1,True,CC(=O)O,C2H4O2,CH₃COOH,CH₃COOH,G,True,carboxylic acid,carboxylic acid,True,True
propionic acid,CCC(=O)O,carboxylic_acid,acid,3.0,3,74.079,C3H6O2,3,1,True,CCC(=O)O,C3H6O2,C2H5COOH,C2H5COOH,G,True,carboxylic acid,carboxylic acid,True,True
butyric acid,CCCC(=O)O,carboxylic_acid,acid,4.0,4,88.10599999999998,C4H8O2,4,1,True,CCCC(=O)O,C4H8O2,C2H4O2,C2H4O2,G,False,carboxylic acid,carboxylic acid,True,False
valeric acid,CCCCC(=O)O,carboxylic_acid,acid,5.0,5,102.13299999999998,C5H10O2,3,1,True,CCCCC(=O)O,C5H10O2,C5H10O2,C5H10O2,G,True,carboxylic acid,carboxylic acid,True,True
caproic acid,CCCCCC(=O)O,carboxylic_acid,acid,6.0,6,116.15999999999998,C6H12O2,4,1,True,CCCCCC(=O)O,C6H12O2,C6H12O2,C6H12O2,G,True,carboxylic acid,carboxylic acid,True,True
enanthic acid,CCCCCCC(=O)O,carboxylic_acid,acid,7.0,7,130.187,C7H14O2,4,1,True,CCCCCCC(=O)O,C7H14O2,C7H14O2,C7H14O2,G,True,carboxylic acid,carboxylic acid,True,True
caprylic acid,CCCCCCCC(=O)O,carboxylic_acid,acid,8.0,8,144.214,C8H16O2,3,1,True,CCCCCCCC(=O)O,C8H16O2,C8H16O2,C8H16O2,G,True,carboxylic acid,carboxylic acid,True,True
pelargonic acid,CCCCCCCCC(=O)O,carboxylic_acid,acid,9.0,9,158.241,C9H18O2,4,1,True,CCCCCCCCC(=O)O,C9H18O2,C9H18O2,C9H18O2,G,True,carboxylic acid,carboxylic acid,True,True
capric acid,CCCCCCCCCC(=O)O,carboxylic_acid,acid,10.0,10,172.268,C10H20O2,3,1,True,CCCCCCCCCC(=O)O,C10H20O2,C10H19COOH,C10H19COOH,G,False,carboxylic acid,carboxylic acid,True,False
undecane,CCCCCCCCCCC,alkane,,,11,156.313,C11H24,3,3,False,CCCCCCCCCCC,C11H24,C11H24,C11H24,A,True,alkane,alkane,True,True
eicosane,CCCCCCCCCCCCCCCCCCCC,alkane,,,20,282.5559999999999,C20H42,3,3,False,CCCCCCCCCCCCCCCCCCCC,C20H42,C20H42,C20H42,A,True,alkane,alkane,True,True
adamantane,C1C2CC3CC1CC(C2)C3,alkane,,,10,136.23799999999997,C10H16,2,2,False,C1C2CC3CC1CC(C2)C3,C10H16,C6H14,C6H14,A,False,alkane,alkane,True,False
norbornane,C1CC2CCC1C2,alkane,,,7,96.173,C7H12,3,3,False,C1CC2CCC1C2,C7H12,C5H10,C5H10,A,False,alkane,alkane,True,False
decalin,C1CCC2CCCCC2C1,alkane,,,10,138.254,C10H18,2,2,False,C1CCC2CCCCC2C1,C10H18,C10H18,C10H18,J.,True,amide,alkane,False,False
tert-butanol,CC(C)(C)O,alcohol,,,4,74.12299999999999,C4H10O,3,3,False,CC(C)(C)O,C4H10O,(C4H9OH),(C4H9OH),D,True,alcohol,alcohol,True,True
sec-butanol,CCC(C)O,alcohol,,,4,74.12299999999999,C4H10O,3,3,False,CCC(C)O,C4H10O,C4H10O,C4H10O,D,True,alcohol,alcohol,True,True
benzyl alcohol,OCc1ccccc1,alcohol,,,7,108.13999999999996,C7H8O,3,1,True,OCc1ccccc1,C7H8O,C6H5CH2OH,C6H5CH2OH,D,True,alcohol,"alcohol,aromatic",True,True
ethylene glycol,OCCO,alcohol,,,2,62.068000000000005,C2H6O2,4,2,True,OCCO,C2H6O2,C2H6O2,C2H6O2,D,True,alcohol,alcohol,True,True
propylene glycol,CC(O)CO,alcohol,,,3,76.095,C3H8O2,4,2,True,CC(O)CO,C3H8O2,C3H8O2,C3H8O2,D,True,alcohol,alcohol,True,True
glycerol,OCC(O)CO,alcohol,,,3,92.094,C3H8O3,3,3,False,OCC(O)CO,C3H8O3,C3H8O3,C3H8O3,D,True,alcohol,alcohol,True,True
menthol,CC(C)C1CCC(C)CC1O,alcohol,,,10,156.269,C10H20O,2,2,False,CC1CCC(C(C)C)C(O)C1,C10H20O,C10H20O,C10H20O,D,True,alcohol,alcohol,True,True
geraniol,CC(C)=CCCC(C)=CCO,alcohol,,,10,154.253,C10H18O,3,3,False,CC(C)=CCCC(C)=CCO,C10H18O,C10H18O,C10H18O,D,True,alcohol,"alcohol,alkene",True,True
allyl alcohol,C=CCO,alcohol,,,3,58.08,C3H6O,3,1,True,C=CCO,C3H6O,C3H6O,C3H6O,D,True,alcohol,"alcohol,alkene",True,True
propargyl alcohol,C#CCO,alcohol,,,3,56.064,C3H4O,4,1,True,C#CCO,C3H4O,C₃H₄O,C₃H₄O,C,True,alkyne,"alcohol,alkyne",True,True
xylitol,OCC(O)C(O)C(O)CO,alcohol,,,5,152.146,C5H12O5,3,3,False,OCC(O)C(O)C(O)CO,C5H12O5,C5H12O5,C5H12O5,D,True,alcohol,alcohol,True,True
sorbitol,OCC(O)C(O)C(O)C(O)CO,alcohol,,,6,182.172,C6H14O6,3,3,False,OCC(O)C(O)C(O)C(O)CO,C6H14O6,C6H14O6,C6H14O6,D,True,alcohol,alcohol,True,True
cholesterol,CC(C)CCCC(C)C1CCC2C1(CCC3C2CC=C4C3(CCC(C4)O)C)C,alcohol,,,27,386.66400000000016,C27H46O,1,1,False,CC(C)CCCC(C)C1CCC2C3CC=C4CC(O)CCC4(C)C3CCC12C,C27H46O,C27H46O,C27H46O,L,True,aromatic,"alcohol,alkene",False,False
undecanol,CCCCCCCCCCCO,alcohol,,,11,172.31199999999998,C11H24O,3,3,False,CCCCCCCCCCCO,C11H24O,C11H24O,C11H24O,D,True,alcohol,alcohol,True,True
inositol,OC1C(O)C(O)C(O)C(O)C1O,alcohol,,,6,180.156,C6H12O6,3,3,False,OC1C(O)C(O)C(O)C(O)C1O,C6H12O6,C6H12O6,C6H12O6,I,True,ether,alcohol,False,False
acetone,CC(C)=O,ketone,,,3,58.080000000000005,C3H6O,2,2,False,CC(C)=O,C3H6O,C3H6O,C3H6O,F,True,ketone,ketone,True,True
butanone,CCC(C)=O,ketone,,,4,72.10699999999999,C4H8O,3,3,False,CCC(C)=O,C4H8O,C4H8O,C4H8O,F,True,ketone,ketone,True,True
camphor,CC1(C)C2CCC1(C)C(=O)C2,ketone,,,10,152.237,C10H16O,3,3,False,CC12CCC(CC1=O)C2(C)C,C10H16O,C10H16O,C10H16O,F,True,ketone,ketone,True,True
diacetyl,CC(=O)C(C)=O,ketone,,,4,86.08999999999999,C4H6O2,3,3,False,CC(=O)C(C)=O,C4H6O2,C4H6O2,C4H6O2,E,True,aldehyde,ketone,False,False
mesityl oxide,CC(C)=CC(C)=O,ketone,,,6,98.145,C6H10O,4,1,True,CC(=O)C=C(C)C,C6H10O,C6H8O,C6H8O,F,False,ketone,"alkene,ketone",True,False
carvone,CC(=C)C1CC=C(C)C(=O)C1,ketone,,,10,150.22099999999998,C10H14O,3,3,False,C=C(C)C1CC=C(C)C(=O)C1,C10H14O,C10H14O,C10H14O,H,True,ester,"alkene,ketone",False,False
menthone,CC(C)C1CCC(C)CC1=O,ketone,,,10,154.253,C10H18O,2,2,False,CC1CCC(C(C)C)C(=O)C1,C10H18O,C6H8O,C6H8O,F,False,ketone,ketone,True,False
pentanone,CCCC(C)=O,ketone,,,5,86.13399999999999,C5H10O,3,3,False,CCCC(C)=O,C5H10O,C5H10O,C5H10O,F,True,ketone,ketone,True,True
hexanone,CCCCC(C)=O,ketone,,,6,100.161,C6H12O,3,3,False,CCCCC(C)=O,C6H12O,C6H12O,C6H12O,F,True,ketone,ketone,True,True
octanone,CCCCCCC(C)=O,ketone,,,8,128.215,C8H16O,3,3,False,CCCCCCC(C)=O,C8H16O,C₈H₁₆O,C₈H₁₆O,F,True,ketone,ketone,True,True
nonanone,CCCCCCCC(C)=O,ketone,,,9,142.242,C9H18O,3,3,False,CCCCCCCC(C)=O,C9H18O,C9H16O,C9H16O,F,False,ketone,ketone,True,False
decanone,CCCCCCCCC(C)=O,ketone,,,10,156.269,C10H20O,3,3,False,CCCCCCCCC(C)=O,C10H20O,C10H20O,C10H20O,F,True,ketone,ketone,True,True
quinone,O=C1C=CC(=O)C=C1,ketone,,,6,108.096,C6H4O2,3,3,False,O=C1C=CC(=O)C=C1,C6H4O2,C6H4O2,C6H4O2,L,True,aromatic,"alkene,ketone",False,False
acetoin,CC(O)C(C)=O,ketone,,,4,88.106,C4H8O2,2,2,False,CC(=O)C(C)O,C4H8O2,C₃H₆O₂,C₃H₆O₂,F,False,ketone,"alcohol,ketone",True,False
ionone,CC(=O)/C=C/C1=C(C)CCCC1(C)C,ketone,,,13,192.302,C13H20O,2,2,False,CC(=O)/C=C/C1=C(C)CCCC1(C)C,C13H20O,C₁₀H₁₆O,C₁₀H₁₆O,F,False,ketone,"alkene,ketone",True,False
progesterone,CC(=O)C1CCC2C3CCC4=CC(=O)CCC4(C)C3CCC12C,ketone,,,21,314.46900000000005,C21H30O2,3,3,False,CC(=O)C1CCC2C3CCC4=CC(=O)CCC4(C)C3CCC12C,C21H30O2,C21H30O2,C21H30O2,F,True,ketone,"alkene,ketone",True,True
methyl vinyl ketone,C=CC(C)=O,ketone,,,4,70.091,C4H6O,4,2,True,C=CC(C)=O,C4H6O,C3H4O,C3H4O,F,False,ketone,"alkene,ketone",True,False
dibenzyl ketone,O=C(Cc1ccccc1)Cc1ccccc1,ketone,,,15,210.276,C15H14O,5,2,True,O=C(Cc1ccccc1)Cc1ccccc1,C15H14O,C10H10O,C10H10O,F,False,ketone,"aromatic,ketone",True,False
tropinone,CN1C2CCC1CC(=O)C2,ketone,,,8,139.19799999999998,C8H13NO,3,3,False,CN1C2CCC1CC(=O)C2,C8H13NO,C9H11NO,C9H11NO,F,False,ketone,"amine,ketone",True,False
pulegone,CC1CCC(=C(C)C)C(=O)C1,ketone,,,10,152.23699999999997,C10H16O,3,3,False,CC(C)=C1CCC(C)CC1=O,C10H16O,C10H16,C10H16,B,False,alkene,"alkene,ketone",True,False
formaldehyde,C=O,aldehyde,,,1,30.026,CH2O,2,2,False,C=O,CH2O,CH₂O,CH₂O,E,True,aldehyde,aldehyde,True,True
acetaldehyde,CC=O,aldehyde,,,2,44.053,C2H4O,3,3,False,CC=O,C2H4O,CH₃CHO,CH₃CHO,E,True,aldehyde,aldehyde,True,True
propionaldehyde,CCC=O,aldehyde,,,3,58.08,C3H6O,3,3,False,CCC=O,C3H6O,C₃H₇CHO,C₃H₇CHO,E,False,aldehyde,aldehyde,True,False
valeraldehyde,CCCCC=O,aldehyde,,,5,86.13399999999999,C5H10O,3,3,False,CCCCC=O,C5H10O,C5H10O,C5H10O,E,True,aldehyde,aldehyde,True,True
hexanal,CCCCCC=O,aldehyde,,,6,100.161,C6H12O,2,2,False,CCCCCC=O,C6H12O,C₆H₁₂O,C₆H₁₂O,E,True,aldehyde,aldehyde,True,True
heptanal,CCCCCCC=O,aldehyde,,,7,114.188,C7H14O,3,3,False,CCCCCCC=O,C7H14O,C₇H₁₄O,C₇H₁₄O,E,True,aldehyde,aldehyde,True,True
octanal,CCCCCCCC=O,aldehyde,,,8,128.215,C8H16O,2,2,False,CCCCCCCC=O,C8H16O,C₇H₁₄O,C₇H₁₄O,E,False,aldehyde,aldehyde,True,False
nonanal,CCCCCCCCC=O,aldehyde,,,9,142.242,C9H18O,2,2,False,CCCCCCCCC=O,C9H18O,C9H18O,C9H18O,E,True,aldehyde,aldehyde,True,True
decanal,CCCCCCCCCC=O,aldehyde,,,10,156.269,C10H20O,2,2,False,CCCCCCCCCC=O,C10H20O,C10H20O,C10H20O,E,True,aldehyde,aldehyde,True,True
benzaldehyde,O=Cc1ccccc1,aldehyde,,,7,106.12399999999997,C7H6O,3,3,False,O=Cc1ccccc1,C7H6O,C6H5CHO,C6H5CHO,E,True,aldehyde,"aldehyde,aromatic",True,True
vanillin,O=Cc1ccc(O)c(OC)c1,aldehyde,,,8,152.14899999999997,C8H8O3,2,2,False,COc1cc(C=O)ccc1O,C8H8O3,C8H8O3,C8H8O3,E,True,aldehyde,"alcohol,aldehyde,aromatic,ether",True,True
citral,CC(C)=CCCC(C)=CC=O,aldehyde,,,10,152.237,C10H16O,2,2,False,CC(C)=CCCC(C)=CC=O,C10H16O,C10H16O,C10H16O,E,True,aldehyde,"aldehyde,alkene",True,True
glyoxal,O=CC=O,aldehyde,,,2,58.036,C2H2O2,3,3,False,O=CC=O,C2H2O2,C2H2O2,C2H2O2,E,True,aldehyde,aldehyde,True,True
acrolein,C=CC=O,aldehyde,,,3,56.064,C3H4O,3,3,False,C=CC=O,C3H4O,C3H4O,C3H4O,E,True,aldehyde,"aldehyde,alkene",True,True
furfural,O=Cc1ccco1,aldehyde,,,5,96.08499999999998,C5H4O2,3,3,False,O=Cc1ccco1,C5H4O2,C5H4O2,C5H4O2,E,True,aldehyde,"aldehyde,aromatic",True,True
undecanal,CCCCCCCCCCC=O,aldehyde,,,11,170.296,C11H22O,3,3,False,CCCCCCCCCCC=O,C11H22O,C11H22O,C11H22O,E,True,aldehyde,aldehyde,True,True
tolualdehyde,Cc1ccc(C=O)cc1,aldehyde,,,8,120.15099999999998,C8H8O,3,3,False,Cc1ccc(C=O)cc1,C8H8O,C7H8O,C7H8O,E,False,aldehyde,"aldehyde,aromatic",True,False
piperonal,O=Cc1ccc2OCOc2c1,aldehyde,,,8,150.13299999999998,C8H6O3,3,3,False,O=Cc1ccc2c(c1)OCO2,C8H6O3,C9H8O3,C9H8O3,L,False,aromatic,"aldehyde,aromatic,ether",True,False
methyl acetate,COC(C)=O,ester,,,3,74.079,C3H6O2,3,2,True,COC(C)=O,C3H6O2,CH₃COOCH₃,CH₃COOCH₃,H,True,ester,ester,True,True
ethyl acetate,CCOC(C)=O,ester,,,4,88.106,C4H8O2,4,2,True,CCOC(C)=O,C4H8O2,C4H8O2,C4H8O2,H,True,ester,ester,True,True
propyl acetate,CCCOC(C)=O,ester,,,5,102.13299999999998,C5H10O2,4,2,True,CCCOC(C)=O,C5H10O2,C5H10O2,C5H10O2,H,True,ester,ester,True,True
butyl acetate,CCCCOC(C)=O,ester,,,6,116.15999999999998,C6H12O2,4,2,True,CCCCOC(C)=O,C6H12O2,C4H8O2,C4H8O2,H,False,ester,ester,True,False
pentyl acetate,CCCCCOC(C)=O,ester,,,7,130.18699999999998,C7H14O2,4,2,True,CCCCCOC(C)=O,C7H14O2,C5H10O2,C5H10O2,H,False,ester,ester,True,False
isoamyl acetate,CC(C)CCOC(C)=O,ester,,,7,130.18699999999998,C7H14O2,5,2,True,CC(=O)OCCC(C)C,C7H14O2,C5H12O2,C5H12O2,H,False,ester,ester,True,False
methyl formate,COC=O,ester,,,2,60.05200000000001,C2H4O2,3,2,True,COC=O,C2H4O2,CH₃OCHO,CH₃OCHO,H,True,ester,ester,True,True
ethyl formate,CCOC=O,ester,,,3,74.07900000000001,C3H6O2,4,2,True,CCOC=O,C3H6O2,C2H4O2,C2H4O2,H,False,ester,ester,True,False
benzyl acetate,CC(=O)OCc1ccccc1,ester,,,9,150.177,C9H10O2,4,2,True,CC(=O)OCc1ccccc1,C9H10O2,C7H8O2,C7H8O2,H,False,ester,"aromatic,ester",True,False
vinyl acetate,C=COC(C)=O,ester,,,4,86.08999999999999,C4H6O2,3,2,True,C=COC(C)=O,C4H6O2,C4H6O2,C4H6O2,H,True,ester,"alkene,ester",True,True
ethyl propionate,CCC(=O)OCC,ester,,,5,102.133,C5H10O2,4,2,True,CCOC(=O)CC,C5H10O2,C4H8O2,C4H8O2,H,False,ester,ester,True,False
triacetin,CC(=O)OCC(COC(C)=O)OC(C)=O,ester,,,9,218.205,C9H14O6,3,3,False,CC(=O)OCC(COC(C)=O)OC(C)=O,C9H14O6,C9H16O6,C9H16O6,H,False,ester,ester,True,False
methyl propionate,CCC(=O)OC,ester,,,4,88.106,C4H8O2,3,2,True,CCC(=O)OC,C4H8O2,C3H6O2,C3H6O2,H,False,ester,ester,True,False
methyl valerate,CCCCC(=O)OC,ester,,,6,116.15999999999998,C6H12O2,3,2,True,CCCCC(=O)OC,C6H12O2,C5H10O2,C5H10O2,H,False,ester,ester,True,False
ethyl valerate,CCCCC(=O)OCC,ester,,,7,130.18699999999998,C7H14O2,4,2,True,CCCCC(=O)OCC,C7H14O2,C5H10O2OOC2H5,C5H10O2OOC2H5,H,False,ester,ester,True,False
allyl acetate,C=CCOC(C)=O,ester,,,5,100.117,C5H8O2,4,2,True,C=CCOC(C)=O,C5H8O2,C5H8O2,C5H8O2,H,True,ester,"alkene,ester",True,True
butyl formate,CCCCOC=O,ester,,,5,102.13299999999998,C5H10O2,4,2,True,CCCCOC=O,C5H10O2,C4H8O2,C4H8O2,H,False,ester,ester,True,False
propyl formate,CCCOC=O,ester,,,4,88.10599999999998,C4H8O2,4,2,True,CCCOC=O,C4H8O2,C3H7CHO2,C3H7CHO2,H,True,ester,ester,True,True
ethyl lactate,CC(O)C(=O)OCC,ester,,,5,118.132,C5H10O3,4,2,True,CCOC(=O)C(C)O,C5H10O3,C4H8O3,C4H8O3,H,False,ester,"alcohol,ester",True,False
methyl lactate,CC(O)C(=O)OC,ester,,,4,104.105,C4H8O3,3,2,True,COC(=O)C(C)O,C4H8O3,C3H6O3,C3H6O3,H,False,ester,"alcohol,ester",True,False
methyl oleate,CCCCCCCCC=CCCCCCCCC(=O)OC,ester,,,19,296.49499999999995,C19H36O2,3,2,True,CCCCCCCCC=CCCCCCCCC(=O)OC,C19H36O2,C19H36O2,C19H36O2,H,True,ester,"alkene,ester",True,True
ethyl oleate,CCCCCCCCC=CCCCCCCCC(=O)OCC,ester,,,20,310.522,C20H38O2,4,2,True,CCCCCCCCC=CCCCCCCCC(=O)OCC,C20H38O2,C19H36O2,C19H36O2,H,False,ester,"alkene,ester",True,False
methylamine,CN,amine,,,1,31.058,CH5N,2,2,False,CN,CH5N,CH₃NH₂,CH₃NH₂,K,True,amine,amine,True,True
ethylamine,CCN,amine,,,2,45.085,C2H7N,3,3,False,CCN,C2H7N,C2H5NH2,C2H5NH2,K,True,amine,amine,True,True
propylamine,CCCN,amine,,,3,59.11199999999999,C3H9N,3,3,False,CCCN,C3H9N,C₃H₉N,C₃H₉N,K,True,amine,amine,True,True
butylamine,CCCCN,amine,,,4,73.139,C4H11N,3,3,False,CCCCN,C4H11N,C4H11N,C4H11N,K,True,amine,amine,True,True
pentylamine,CCCCCN,amine,,,5,87.16600000000001,C5H13N,3,3,False,CCCCCN,C5H13N,C5H11N,C5H11N,K,False,amine,amine,True,False
hexylamine,CCCCCCN,amine,,,6,101.193,C6H15N,3,3,False,CCCCCCN,C6H15N,C6H15N,C6H15N,K,True,amine,amine,True,True
dimethylamine,CNC,amine,,,2,45.085,C2H7N,3,3,False,CNC,C2H7N,(CH₃)₂NH,(CH₃)₂NH,K,True,amine,amine,True,True
trimethylamine,CN(C)C,amine,,,3,59.112,C3H9N,3,3,False,CN(C)C,C3H9N,(CH₃)₃N,(CH₃)₃N,K,True,amine,amine,True,True
diethylamine,CCNCC,amine,,,4,73.139,C4H11N,3,3,False,CCNCC,C4H11N,C2H7N,C2H7N,K,False,amine,amine,True,False
triethylamine,CCN(CC)CC,amine,,,6,101.193,C6H15N,3,3,False,CCN(CC)CC,C6H15N,C2H5,C2H5)3N,K,False,amine,amine,True,False
aniline,Nc1ccccc1,amine,,,6,93.129,C6H7N,2,2,False,Nc1ccccc1,C6H7N,C6H5NH2,C6H5NH2,K,True,amine,"amine,aromatic",True,True
benzylamine,NCc1ccccc1,amine,,,7,107.15599999999996,C7H9N,3,3,False,NCc1ccccc1,C7H9N,C6H5CH2NH2,C6H5CH2NH2,K,True,amine,"amine,aromatic",True,True
piperidine,C1CCNCC1,amine,,,5,85.15,C5H11N,3,3,False,C1CCNCC1,C5H11N,C5H11N,C5H11N,K,True,amine,amine,True,True
morpholine,C1COCCN1,amine,,,4,87.122,C4H9NO,2,2,False,C1COCCN1,C4H9NO,C4H9NO,C4H9NO,K,True,amine,"amine,ether",True,True
cadaverine,NCCCCCN,amine,,,5,102.181,C5H14N2,3,3,False,NCCCCCN,C5H14N2,C5H14N2,C5H14N2,K,True,amine,amine,True,True
histamine,NCCc1c[nH]cn1,amine,,,5,111.14799999999998,C5H9N3,2,2,False,NCCc1c[nH]cn1,C5H9N3,C5H7N3,C5H7N3,K,False,amine,"amine,aromatic",True,False
dopamine,NCCc1ccc(O)c(O)c1,amine,,,8,153.18099999999998,C8H11NO2,1,1,False,NCCc1ccc(O)c(O)c1,C8H11NO2,C8H11N1O2,C8H11N1O2,K,True,amine,"alcohol,amine,aromatic",True,True
serotonin,NCCc1c[nH]c2ccc(O)cc12,amine,,,10,176.21899999999997,C10H12N2O,1,1,False,NCCc1c[nH]c2ccc(O)cc12,C10H12N2O,C10H12N2O,C10H12N2O,K,True,amine,"alcohol,amine,aromatic",True,True
ethanolamine,NCCO,amine,,,2,61.084,C2H7NO,2,2,False,NCCO,C2H7NO,C2H7NO,C2H7NO,K,True,amine,"alcohol,amine",True,True
toluidine,Cc1ccc(N)cc1,amine,,,7,107.156,C7H9N,3,3,False,Cc1ccc(N)cc1,C7H9N,C6H9N,C6H9N,K,False,amine,"amine,aromatic",True,False
melamine,Nc1nc(N)nc(N)n1,amine,,,3,126.12300000000002,C3H6N6,2,2,False,Nc1nc(N)nc(N)n1,C3H6N6,C3H6N6,C3H6N6,K,True,amine,"amine,aromatic",True,True
adenine,Nc1ncnc2[nH]cnc12,amine,,,5,135.13,C5H5N5,2,2,False,Nc1ncnc2[nH]cnc12,C5H5N5,C5H5N5,C5H5N5,K,True,amine,"amine,aromatic",True,True
guanine,Nc1nc2[nH]cnc2c(=O)[nH]1,amine,,,5,151.129,C5H5N5O,2,2,False,Nc1nc2[nH]cnc2c(=O)[nH]1,C5H5N5O,C5H5N5O,C5H5N5O,K,True,amine,"amine,aromatic",True,True
cytosine,Nc1cc[nH]c(=O)n1,amine,,,4,111.104,C4H5N3O,3,3,False,Nc1cc[nH]c(=O)n1,C4H5N3O,C4H5N3O,C4H5N3O,K,True,amine,"amine,aromatic",True,True
creatine,CN(CC(O)=O)C(N)=N,amine,,,4,131.135,C4H9N3O2,2,2,False,CN(CC(=O)O)C(=N)N,C4H9N3O2,C4H9N3O2,C4H9N3O2,K,True,amine,"amine,carboxylic acid",True,True
choline,C[N+](C)(C)CCO,amine,,,5,104.173,C5H14NO+,2,2,False,C[N+](C)(C)CCO,C5H14NO+,C5H14NO2,C5H14NO2,K,False,amine,alcohol,False,False
taurine,NCCS(O)(=O)=O,amine,,,2,125.14899999999996,C2H7NO3S,3,3,False,NCCS(=O)(=O)O,C2H7NO3S,C2H7NO3S,C2H7NO3S,K,True,amine,amine,True,True
piperazine,C1CNCCN1,amine,,,4,86.138,C4H10N2,3,3,False,C1CNCCN1,C4H10N2,C4H10N2,C4H10N2,K,True,amine,amine,True,True
azepane,C1CCCNCC1,amine,,,6,99.177,C6H13N,3,3,False,C1CCCNCC1,C6H13N,C6H13N,C6H13N,K,True,amine,amine,True,True
azetidine,C1CNC1,amine,,,3,57.096,C3H7N,3,3,False,C1CNC1,C3H7N,C2H5N,C2H5N,K,False,amine,amine,True,False
aziridine,C1CN1,amine,,,2,43.069,C2H5N,3,3,False,C1CN1,C2H5N,C2H5N,C2H5N,K,True,amine,amine,True,True
guanidine,NC(N)=N,amine,,,1,59.072,CH5N3,3,3,False,N=C(N)N,CH5N3,CN5H10,CN5H10,K,False,amine,amine,True,False
tropane,CN1C2CCC1CCC2,amine,,,8,125.215,C8H15N,2,2,False,CN1C2CCCC1CC2,C8H15N,C5H11N,C5H11N,K,False,amine,amine,True,False
acetamide,CC(N)=O,amine,,,2,59.068,C2H5NO,2,2,False,CC(N)=O,C2H5NO,CH₃CONH₂,CH₃CONH₂,J,True,amide,amide,True,True
propionamide,CCC(N)=O,amine,,,3,73.09499999999998,C3H7NO,3,3,False,CCC(N)=O,C3H7NO,C2H5NO,C2H5NO,J,False,amide,amide,True,False
thiourea,NC(N)=S,amine,,,1,76.124,CH4N2S,3,3,False,NC(N)=S,CH4N2S,SC(NH2)2,SC(NH2)2,J,True,amide,amine,False,False
barbituric acid,O=C1CC(=O)NC(=O)N1,amine,,,4,128.087,C4H4N2O3,5,1,True,O=C1CC(=O)NC(=O)N1,C4H4N2O3,C4H4N2O3,C4H4N2O3,J,True,amide,amide,True,True
uric acid,O=C1NC2=C(N1)C(=O)NC(=O)N2,amine,,,5,168.112,C5H4N4O3,3,1,True,O=c1[nH]c(=O)c2[nH]c(=O)[nH]c2[nH]1,C5H4N4O3,C5H4N4O3,C5H4N4O3,L,True,aromatic,aromatic,True,True
benzene,c1ccccc1,aromatic,,,6,78.11399999999999,C6H6,2,2,False,c1ccccc1,C6H6,C6H6,C6H6,L,True,aromatic,aromatic,True,True
toluene,Cc1ccccc1,aromatic,,,7,92.141,C7H8,3,3,False,Cc1ccccc1,C7H8,C₇H₈,C₇H₈,L,True,aromatic,aromatic,True,True
xylene,Cc1ccccc1C,aromatic,,,8,106.168,C8H10,2,2,False,Cc1ccccc1C,C8H10,C₆H₄(CH₃)₂,C₆H₄(CH₃)₂,L,True,aromatic,aromatic,True,True
styrene,C=Cc1ccccc1,aromatic,,,8,104.15199999999996,C8H8,2,2,False,C=Cc1ccccc1,C8H8,C₆H₅CH=CH₂,C₆H₅CH=CH₂,B,True,alkene,"alkene,aromatic",True,True
anthracene,c1ccc2cc3ccccc3cc2c1,aromatic,,,14,178.23399999999995,C14H10,3,3,False,c1ccc2cc3ccccc3cc2c1,C14H10,C14H10,C14H10,L,True,aromatic,aromatic,True,True
phenanthrene,c1ccc2c(c1)ccc1ccccc12,aromatic,,,14,178.23399999999998,C14H10,3,3,False,c1ccc2c(c1)ccc1ccccc12,C14H10,C14H10,C14H10,L,True,aromatic,aromatic,True,True
phenol,Oc1ccccc1,aromatic,,,6,94.113,C6H6O,2,2,False,Oc1ccccc1,C6H6O,C6H5OH,C6H5OH,L,True,aromatic,"alcohol,aromatic",True,True
cresol,Cc1ccc(O)cc1,aromatic,,,7,108.14,C7H8O,2,2,False,Cc1ccc(O)cc1,C7H8O,C6H5OH,C6H5OH,D,False,alcohol,"alcohol,aromatic",True,False
catechol,Oc1ccccc1O,aromatic,,,6,110.11199999999998,C6H6O2,3,3,False,Oc1ccccc1O,C6H6O2,C6H4(OH)2,C6H4(OH)2,L,True,aromatic,"alcohol,aromatic",True,True
hydroquinone,Oc1ccc(O)cc1,aromatic,,,6,110.11199999999998,C6H6O2,3,3,False,Oc1ccc(O)cc1,C6H6O2,C6H4(OH)2,C6H4(OH)2,L,True,aromatic,"alcohol,aromatic",True,True
benzoic acid,OC(=O)c1ccccc1,aromatic,,,7,122.12299999999996,C7H6O2,4,1,True,O=C(O)c1ccccc1,C7H6O2,C7H6O2,C7H6O2,G,True,carboxylic acid,"aromatic,carboxylic acid",True,True
salicylic acid,OC(=O)c1ccccc1O,aromatic,,,7,138.122,C7H6O3,4,1,True,O=C(O)c1ccccc1O,C7H6O3,C7H6O3,C7H6O3,G,True,carboxylic acid,"alcohol,aromatic,carboxylic acid",True,True
aspirin,CC(=O)Oc1ccccc1C(O)=O,aromatic,,,9,180.159,C9H8O4,2,2,False,CC(=O)Oc1ccccc1C(=O)O,C9H8O4,C9H8O4,C9H8O4,G,True,carboxylic acid,"aromatic,carboxylic acid,ester",True,True
mesitylene,Cc1cc(C)cc(C)c1,aromatic,,,9,120.19499999999998,C9H12,3,3,False,Cc1cc(C)cc(C)c1,C9H12,C₉H₁₂,C₉H₁₂,L,True,aromatic,aromatic,True,True
cumene,CC(C)c1ccccc1,aromatic,,,9,120.19499999999996,C9H12,2,2,False,CC(C)c1ccccc1,C9H12,C₆H₅CH(CH₃)₂,C₆H₅CH(CH₃)₂,L,True,aromatic,aromatic,True,True
biphenyl,c1ccc(-c2ccccc2)cc1,aromatic,,,12,154.21199999999996,C12H10,3,3,False,c1ccc(-c2ccccc2)cc1,C12H10,C12H10,C12H10,L,True,aromatic,aromatic,True,True
indole,c1ccc2[nH]ccc2c1,aromatic,,,8,117.15099999999995,C8H7N,2,2,False,c1ccc2[nH]ccc2c1,C8H7N,C8H7N,C8H7N,L,True,aromatic,aromatic,True,True
quinoline,c1ccc2ncccc2c1,aromatic,,,9,129.16199999999998,C9H7N,3,3,False,c1ccc2ncccc2c1,C9H7N,C₉H₇N,C₉H₇N,L,True,aromatic,"amine,aromatic",True,True
pyridine,c1ccncc1,aromatic,,,5,79.10199999999998,C5H5N,3,3,False,c1ccncc1,C5H5N,C5H5N,C5H5N,K,True,amine,"amine,aromatic",True,True
furan,c1ccoc1,aromatic,,,4,68.07499999999999,C4H4O,2,2,False,c1ccoc1,C4H4O,C4H4O,C4H4O,L,True,aromatic,aromatic,True,True
thiophene,c1ccsc1,aromatic,,,4,84.14299999999999,C4H4S,3,3,False,c1ccsc1,C4H4S,C₄H₄S,C₄H₄S,L,True,aromatic,aromatic,True,True
pyrrole,c1cc[nH]c1,aromatic,,,4,67.091,C4H5N,3,3,False,c1cc[nH]c1,C4H5N,C4H5N,C4H5N,L,True,aromatic,aromatic,True,True
imidazole,c1c[nH]cn1,aromatic,,,3,68.079,C3H4N2,3,3,False,c1c[nH]cn1,C3H4N2,C3H4N2,C3H4N2,K,True,amine,"amine,aromatic",True,True
pyrimidine,c1cncnc1,aromatic,,,4,80.08999999999999,C4H4N2,3,3,False,c1cncnc1,C4H4N2,C4H4N2,C4H4N2,L,True,aromatic,"amine,aromatic",True,True
pyrazine,c1cnccn1,aromatic,,,4,80.09,C4H4N2,3,3,False,c1cnccn1,C4H4N2,C4H4N2,C4H4N2,L,True,aromatic,"amine,aromatic",True,True
purine,c1ncc2[nH]cnc2n1,aromatic,,,5,120.115,C5H4N4,2,2,False,c1ncc2[nH]cnc2n1,C5H4N4,C5H4N4,C5H4N4,L,True,aromatic,"amine,aromatic",True,True
uracil,O=c1cc[nH]c(=O)[nH]1,aromatic,,,4,112.088,C4H4N2O2,3,3,False,O=c1cc[nH]c(=O)[nH]1,C4H4N2O2,C4H4N2O2,C4H4N2O2,J,True,amide,aromatic,False,False
thymine,Cc1c[nH]c(=O)[nH]c1=O,aromatic,,,5,126.115,C5H6N2O2,3,3,False,Cc1c[nH]c(=O)[nH]c1=O,C5H6N2O2,C5H6N2O2,C5H6N2O2,K,True,amine,aromatic,False,False
thymol,Cc1ccc(C(C)C)cc1O,aromatic,,,10,150.221,C10H14O,3,3,False,Cc1ccc(C(C)C)cc1O,C10H14O,C10H14O,C10H14O,L,True,aromatic,"alcohol,aromatic",True,True
eugenol,C=CCc1ccc(O)c(OC)c1,aromatic,,,10,164.20399999999995,C10H12O2,3,3,False,C=CCc1ccc(O)c(OC)c1,C10H12O2,C10H12O2,C10H12O2,L,True,aromatic,"alcohol,alkene,aromatic,ether",True,True
niacin,OC(=O)c1cccnc1,aromatic,,,6,123.11099999999998,C6H5NO2,2,2,False,O=C(O)c1cccnc1,C6H5NO2,C6H5NO2,C6H5NO2,K,True,amine,"amine,aromatic,carboxylic acid",True,True
melatonin,COc1ccc2[nH]cc(CCNC(C)=O)c2c1,aromatic,,,13,232.283,C13H16N2O2,2,2,False,COc1ccc2[nH]cc(CCNC(C)=O)c2c1,C13H16N2O2,C13H16N2O2,C13H16N2O2,K,True,amine,"amide,aromatic,ether",False,False
tyrosine,NC(Cc1ccc(O)cc1)C(O)=O,aromatic,,,9,181.191,C9H11NO3,3,3,False,NC(Cc1ccc(O)cc1)C(=O)O,C9H11NO3,C9H11NO3,C9H11NO3,L,True,aromatic,"alcohol,amine,aromatic,carboxylic acid",True,True
histidine,NC(Cc1c[nH]cn1)C(O)=O,aromatic,,,6,155.15699999999998,C6H9N3O2,2,2,False,NC(Cc1c[nH]cn1)C(=O)O,C6H9N3O2,C6H9N3O2,C6H9N3O2,K,True,amine,"amine,aromatic,carboxylic acid",True,True
anisole,COc1ccccc1,aromatic,,,7,108.13999999999996,C7H8O,3,3,False,COc1ccccc1,C7H8O,C₇H₈O,C₇H₈O,I,True,ether,"aromatic,ether",True,True
veratrole,COc1ccccc1OC,aromatic,,,8,138.16599999999997,C8H10O2,3,3,False,COc1ccccc1OC,C8H10O2,C8H9O,C8H9O,L,False,aromatic,"aromatic,ether",True,False
phenetole,CCOc1ccccc1,aromatic,,,8,122.16699999999996,C8H10O,3,3,False,CCOc1ccccc1,C8H10O,C6H5OC2H5,C6H5OC2H5,I,True,ether,"aromatic,ether",True,True
stilbene,c1ccc(/C=C/c2ccccc2)cc1,aromatic,,,14,180.25,C14H12,3,3,False,C(=C\c1ccccc1)/c1ccccc1,C14H12,C14H12,C14H12,L,True,aromatic,"alkene,aromatic",True,True
fluorene,c1ccc2c(c1)Cc1ccccc1-2,aromatic,,,13,166.22299999999998,C13H10,3,3,False,c1ccc2c(c1)Cc1ccccc1-2,C13H10,C13H10,C13H10,L,True,aromatic,aromatic,True,True
pyrene,c1cc2ccc3cccc4ccc(c1)c2c34,aromatic,,,16,202.256,C16H10,2,2,False,c1cc2ccc3cccc4ccc(c1)c2c34,C16H10,C16H10,C16H10,L,True,aromatic,aromatic,True,True
indene,C1C=Cc2ccccc21,aromatic,,,9,116.16299999999995,C9H8,2,2,False,C1=Cc2ccccc2C1,C9H8,C8H8,C8H8,L,False,aromatic,"alkene,aromatic",True,False
tetralin,c1ccc2c(c1)CCCC2,aromatic,,,10,132.206,C10H12,3,3,False,c1ccc2c(c1)CCCC2,C10H12,C10H14,C10H14,L,False,aromatic,aromatic,True,False
benzofuran,c1ccc2occc2c1,aromatic,,,8,118.13499999999996,C8H6O,3,3,False,c1ccc2occc2c1,C8H6O,C6H4O,C6H4O,L,False,aromatic,aromatic,True,False
carbazole,c1ccc2c(c1)[nH]c1ccccc12,aromatic,,,12,167.21099999999998,C12H9N,2,2,False,c1ccc2c(c1)[nH]c1ccccc12,C12H9N,C12H9N,C12H9N,L,True,aromatic,aromatic,True,True
acridine,c1ccc2nc3ccccc3cc2c1,aromatic,,,13,179.22199999999998,C13H9N,3,3,False,c1ccc2nc3ccccc3cc2c1,C13H9N,C13H9N3,C13H9N3,L,False,aromatic,"amine,aromatic",True,False
xanthene,C1c2ccccc2Oc2ccccc21,aromatic,,,13,182.222,C13H10O,3,3,False,c1ccc2c(c1)Cc1ccccc1O2,C13H10O,C12H8,C12H8,L,False,aromatic,"aromatic,ether",True,False
coumarin,O=c1ccc2ccccc2o1,aromatic,,,9,146.14499999999998,C9H6O2,3,3,False,O=c1ccc2ccccc2o1,C9H6O2,C9H6O2,C9H6O2,L,True,aromatic,aromatic,True,True
chromone,O=c1ccoc2ccccc12,aromatic,,,9,146.14499999999998,C9H6O2,2,2,False,O=c1ccoc2ccccc12,C9H6O2,C9H6O2,C9H6O2,L,True,aromatic,aromatic,True,True
flavone,O=c1cc(-c2ccccc2)oc2ccccc12,aromatic,,,15,222.243,C15H10O2,2,2,False,O=c1cc(-c2ccccc2)oc2ccccc12,C15H10O2,C15H10O2,C15H10O2,L,True,aromatic,aromatic,True,True
isatin,O=C1Nc2ccccc2C1=O,aromatic,,,8,147.13299999999995,C8H5NO2,2,2,False,O=C1Nc2ccccc2C1=O,C8H5NO2,C8H5NO2,C8H5NO2,J,True,amide,"amide,aromatic,ketone",True,True
oxindole,O=C1Cc2ccccc2N1,aromatic,,,8,133.14999999999998,C8H7NO,3,3,False,O=C1Cc2ccccc2N1,C8H7NO,C8H7N,C8H7N,J,False,amide,"amide,aromatic",True,False
indoline,C1Cc2ccccc2N1,aromatic,,,8,119.16699999999996,C8H9N,2,2,False,c1ccc2c(c1)CCN2,C8H9N,C6H7N,C6H7N,K,False,amine,"amine,aromatic",True,False
styrene oxide,C1OC1c1ccccc1,aromatic,,,8,120.15099999999995,C8H8O,3,1,True,c1ccc(C2CO2)cc1,C8H8O,C6H8O,C6H8O,L,False,aromatic,"aromatic,ether",True,False
benzamide,NC(=O)c1ccccc1,aromatic,,,7,121.13899999999995,C7H7NO,2,2,False,NC(=O)c1ccccc1,C7H7NO,C7H7NO,C7H7NO,J,True,amide,"amide,aromatic",True,True
chloroform,ClC(Cl)Cl,halide,,,1,119.378,CHCl3,3,3,False,ClC(Cl)Cl,CHCl3,CHCl₃,CHCl₃,M,True,halide,halide,True,True
vinyl chloride,C=CCl,halide,,,2,62.499,C2H3Cl,2,1,True,C=CCl,C2H3Cl,C2H3Cl,C2H3Cl,B,True,alkene,"alkene,halide",True,True
allyl chloride,C=CCCl,halide,,,3,76.526,C3H5Cl,3,1,True,C=CCCl,C3H5Cl,C3H5Cl,C3H5Cl,M,True,halide,"alkene,halide",True,True
benzyl chloride,ClCc1ccccc1,halide,,,7,126.58599999999996,C7H7Cl,3,1,True,ClCc1ccccc1,C7H7Cl,C6H5CH2Cl,C6H5CH2Cl,M,True,halide,"aromatic,halide",True,True
methylene chloride,ClCCl,halide,,,1,84.93299999999999,CH2Cl2,3,1,True,ClCCl,CH2Cl2,CH2Cl2,CH2Cl2,M,True,halide,halide,True,True
bromoform,BrC(Br)Br,halide,,,1,252.731,CHBr3,3,3,False,BrC(Br)Br,CHBr3,CHBr₃,CHBr₃,M,True,halide,halide,True,True
iodoform,IC(I)I,halide,,,1,393.731,CHI3,3,3,False,IC(I)I,CHI3,CHI3,CHI3,M,True,halide,halide,True,True
halothane,FC(F)(F)C(Cl)Br,halide,,,2,197.381,C2HBrClF3,3,3,False,FC(F)(F)C(Cl)Br,C2HBrClF3,CHBr₂ClCF₃,CHBr₂ClCF₃,M,False,halide,halide,True,False
oxalic acid,OC(=O)C(O)=O,carboxylic_acid,,,2,90.03399999999999,C2H2O4,3,1,True,O=C(O)C(=O)O,C2H2O4,C2H2O4,C2H2O4,G,True,carboxylic acid,carboxylic acid,True,True
malonic acid,OC(=O)CC(O)=O,carboxylic_acid,,,3,104.061,C3H4O4,3,1,True,O=C(O)CC(=O)O,C3H4O4,C3H4O3,C3H4O3,G,False,carboxylic acid,carboxylic acid,True,False
succinic acid,OC(=O)CCC(O)=O,carboxylic_acid,,,4,118.088,C4H6O4,3,1,True,O=C(O)CCC(=O)O,C4H6O4,C4H6O4,C4H6O4,G,True,carboxylic acid,carboxylic acid,True,True
glutaric acid,OC(=O)CCCC(O)=O,carboxylic_acid,,,5,132.115,C5H8O4,4,1,True,O=C(O)CCCC(=O)O,C5H8O4,C5H8O4,C5H8O4,G,True,carboxylic acid,carboxylic acid,True,True
adipic acid,OC(=O)CCCCC(O)=O,carboxylic_acid,,,6,146.14200000000002,C6H10O4,3,1,True,O=C(O)CCCCC(=O)O,C6H10O4,C6H10O4,C6H10O4,G,True,carboxylic acid,carboxylic acid,True,True
lactic acid,CC(O)C(O)=O,carboxylic_acid,,,3,90.078,C3H6O3,3,1,True,CC(O)C(=O)O,C3H6O3,C3H6O3,C3H6O3,G,True,carboxylic acid,"alcohol,carboxylic acid",True,True
citric acid,OC(=O)CC(O)(CC(O)=O)C(O)=O,carboxylic_acid,,,6,192.123,C6H8O7,3,1,True,O=C(O)CC(O)(CC(=O)O)C(=O)O,C6H8O7,C6H8O7,C6H8O7,G,True,carboxylic acid,"alcohol,carboxylic acid",True,True
malic acid,OC(=O)CC(O)C(O)=O,carboxylic_acid,,,4,134.087,C4H6O5,3,1,True,O=C(O)CC(O)C(=O)O,C4H6O5,C4H6O5,C4H6O5,G,True,carboxylic acid,"alcohol,carboxylic acid",True,True
tartaric acid,OC(=O)C(O)C(O)C(O)=O,carboxylic_acid,,,4,150.08599999999998,C4H6O6,4,1,True,O=C(O)C(O)C(O)C(=O)O,C4H6O6,C4H6O6,C4H6O6,G,True,carboxylic acid,"alcohol,carboxylic acid",True,True
acrylic acid,C=CC(O)=O,carboxylic_acid,,,3,72.063,C3H4O2,2,1,True,C=CC(=O)O,C3H4O2,C3H4O2,C3H4O2,G,True,carboxylic acid,"alkene,carboxylic acid",True,True
oleic acid,CCCCCCCCC=CCCCCCCCC(O)=O,carboxylic_acid,,,18,282.4679999999999,C18H34O2,3,1,True,CCCCCCCCC=CCCCCCCCC(=O)O,C18H34O2,C18H34O2,C18H34O2,G,True,carboxylic acid,"alkene,carboxylic acid",True,True
stearic acid,CCCCCCCCCCCCCCCCCC(O)=O,carboxylic_acid,,,18,284.4839999999999,C18H36O2,4,1,True,CCCCCCCCCCCCCCCCCC(=O)O,C18H36O2,C₁₇H₃₆O₂,C₁₇H₃₆O₂,G,False,carboxylic acid,carboxylic acid,True,False
palmitic acid,CCCCCCCCCCCCCCCC(O)=O,carboxylic_acid,,,16,256.42999999999995,C16H32O2,4,1,True,CCCCCCCCCCCCCCCC(=O)O,C16H32O2,C16H32O2,C16H32O2,G,True,carboxylic acid,carboxylic acid,True,True
lauric acid,CCCCCCCCCCCC(O)=O,carboxylic_acid,,,12,200.322,C12H24O2,4,1,True,CCCCCCCCCCCC(=O)O,C12H24O2,C12H24O2,C12H24O2,G,True,carboxylic acid,carboxylic acid,True,True
myristic acid,CCCCCCCCCCCCCC(O)=O,carboxylic_acid,,,14,228.37599999999995,C14H28O2,4,1,True,CCCCCCCCCCCCCC(=O)O,C14H28O2,C14H28O2,C14H28O2,G,True,carboxylic acid,carboxylic acid,True,True
glycolic acid,OCC(O)=O,carboxylic_acid,,,2,76.051,C2H4O3,4,1,True,O=C(O)CO,C2H4O3,C2H4O3,C2H4O3,G,True,carboxylic acid,"alcohol,carboxylic acid",True,True
pyruvic acid,CC(=O)C(O)=O,carboxylic_acid,,,3,88.06199999999998,C3H4O3,4,1,True,CC(=O)C(=O)O,C3H4O3,C3H4O3,C3H4O3,G,True,carboxylic acid,carboxylic acid,True,True
fumaric acid,OC(=O)/C=C/C(O)=O,carboxylic_acid,,,4,116.072,C4H4O4,4,1,True,O=C(O)/C=C/C(=O)O,C4H4O4,C4H4O4,C4H4O4,G,True,carboxylic acid,"alkene,carboxylic acid",True,True
mandelic acid,OC(c1ccccc1)C(O)=O,carboxylic_acid,,,8,152.14899999999997,C8H8O3,3,1,True,O=C(O)C(O)c1ccccc1,C8H8O3,C7H8O3,C7H8O3,G,False,carboxylic acid,"alcohol,aromatic,carboxylic acid",True,False
benzilic acid,OC(c1ccccc1)(c1ccccc1)C(O)=O,carboxylic_acid,,,14,228.247,C14H12O3,4,1,True,O=C(O)C(O)(c1ccccc1)c1ccccc1,C14H12O3,C6H6O4,C6H6O4,L,False,aromatic,"alcohol,aromatic,carboxylic acid",True,False
cinnamic acid,OC(=O)/C=C/c1ccccc1,carboxylic_acid,,,9,148.161,C9H8O2,4,1,True,O=C(O)/C=C/c1ccccc1,C9H8O2,C9H8O2,C9H8O2,G,True,carboxylic acid,"alkene,aromatic,carboxylic acid",True,True
phthalic acid,OC(=O)c1ccccc1C(O)=O,carboxylic_acid,,,8,166.13199999999998,C8H6O4,4,1,True,O=C(O)c1ccccc1C(=O)O,C8H6O4,C8H6O4,C8H6O4,G,True,carboxylic acid,"aromatic,carboxylic acid",True,True
isophthalic acid,OC(=O)c1cccc(C(O)=O)c1,carboxylic_acid,,,8,166.13199999999998,C8H6O4,5,1,True,O=C(O)c1cccc(C(=O)O)c1,C8H6O4,C8H6O4,C8H6O4,G,True,carboxylic acid,"aromatic,carboxylic acid",True,True
gallic acid,OC(=O)c1cc(O)c(O)c(O)c1,carboxylic_acid,,,7,170.11999999999998,C7H6O5,3,1,True,O=C(O)c1cc(O)c(O)c(O)c1,C7H6O5,C7H6O5,C7H6O5,G,True,carboxylic acid,"alcohol,aromatic,carboxylic acid",True,True
caffeic acid,OC(=O)/C=C/c1ccc(O)c(O)c1,carboxylic_acid,,,9,180.159,C9H8O4,3,1,True,O=C(O)/C=C/c1ccc(O)c(O)c1,C9H8O4,C7H6O4,C7H6O4,G,False,carboxylic acid,"alcohol,alkene,aromatic,carboxylic acid",True,False
ferulic acid,COc1cc(/C=C/C(O)=O)ccc1O,carboxylic_acid,,,10,194.186,C10H10O4,4,1,True,COc1cc(/C=C/C(=O)O)ccc1O,C10H10O4,C10H10O4,C10H10O4,G,True,carboxylic acid,"alcohol,alkene,aromatic,carboxylic acid,ether",True,True
sinapic acid,COc1cc(/C=C/C(O)=O)cc(OC)c1O,carboxylic_acid,,,11,224.212,C11H12O5,4,1,True,COc1cc(/C=C/C(=O)O)cc(OC)c1O,C11H12O5,C10H10O5,C10H10O5,G,False,carboxylic acid,"alcohol,alkene,aromatic,carboxylic acid,ether",True,False
itaconic acid,OC(=O)CC(=C)C(O)=O,carboxylic_acid,,,5,130.099,C5H6O4,4,1,True,C=C(CC(=O)O)C(=O)O,C5H6O4,C5H6O5,C5H6O5,G,False,carboxylic acid,"alkene,carboxylic acid",True,False
sorbic acid,CC=CC=CC(O)=O,carboxylic_acid,,,6,112.128,C6H8O2,3,1,True,CC=CC=CC(=O)O,C6H8O2,C₄H₆O₃,C₄H₆O₃,G,False,carboxylic acid,"alkene,carboxylic acid",True,False
levulinic acid,CC(=O)CCC(O)=O,carboxylic_acid,,,5,116.116,C5H8O3,4,1,True,CC(=O)CCC(=O)O,C5H8O3,C5H8O3,C5H8O3,G,True,carboxylic acid,carboxylic acid,True,True
azelaic acid,OC(=O)CCCCCCCC(O)=O,carboxylic_acid,,,9,188.223,C9H16O4,4,1,True,O=C(O)CCCCCCCC(=O)O,C9H16O4,C9H16O4,C9H16O4,G,True,carboxylic acid,carboxylic acid,True,True
sebacic acid,OC(=O)CCCCCCCCC(O)=O,carboxylic_acid,,,10,202.25,C10H18O4,4,1,True,O=C(O)CCCCCCCCC(=O)O,C10H18O4,C10H18O4,C10H18O4,G,True,carboxylic acid,carboxylic acid,True,True
pimelic acid,OC(=O)CCCCCC(O)=O,carboxylic_acid,,,7,160.169,C7H12O4,4,1,True,O=C(O)CCCCCC(=O)O,C7H12O4,C6H10O4,C6H10O4,G,False,carboxylic acid,carboxylic acid,True,False
suberic acid,OC(=O)CCCCCCC(O)=O,carboxylic_acid,,,8,174.196,C8H14O4,3,1,True,O=C(O)CCCCCCC(=O)O,C8H14O4,C8H14O4,C8H14O4,G,True,carboxylic acid,carboxylic acid,True,True
linoleic acid,CCCCCC=CCC=CCCCCCCCC(O)=O,carboxylic_acid,,,18,280.4519999999999,C18H32O2,4,1,True,CCCCCC=CCC=CCCCCCCCC(=O)O,C18H32O2,C₁₇H₃₃O₂,C₁₇H₃₃O₂,B,False,alkene,"alkene,carboxylic acid",True,False
linolenic acid,CCC=CCC=CCC=CCCCCCCCC(O)=O,carboxylic_acid,,,18,278.4359999999999,C18H30O2,4,1,True,CCC=CCC=CCC=CCCCCCCCC(=O)O,C18H30O2,C₁₇H₂₉O₂,C₁₇H₂₉O₂,B,False,alkene,"alkene,carboxylic acid",True,False
behenic acid,CCCCCCCCCCCCCCCCCCCCCC(O)=O,carboxylic_acid,,,22,340.59200000000004,C22H44O2,3,1,True,CCCCCCCCCCCCCCCCCCCCCC(=O)O,C22H44O2,C21H40O2,C21H40O2,G,False,carboxylic acid,carboxylic acid,True,False
erucic acid,CCCCCCCCC=CCCCCCCCCCCCC(O)=O,carboxylic_acid,,,22,338.5760000000001,C22H42O2,4,1,True,CCCCCCCCC=CCCCCCCCCCCCC(=O)O,C22H42O2,C19H34O2,C19H34O2,G,False,carboxylic acid,"alkene,carboxylic acid",True,False
orotic acid,OC(=O)c1cc(=O)[nH]c(=O)[nH]1,carboxylic_acid,,,5,156.097,C5H4N2O4,3,1,True,O=C(O)c1cc(=O)[nH]c(=O)[nH]1,C5H4N2O4,C5H4N2O4,C5H4N2O4,G,True,carboxylic acid,"aromatic,carboxylic acid",True,True
kojic acid,OCC1=CC(=O)C(O)=CO1,carboxylic_acid,,,6,142.11,C6H6O4,4,1,True,O=c1cc(CO)occ1O,C6H6O4,C6H6O3,C6H6O3,G,False,carboxylic acid,"alcohol,aromatic",False,False
water,O,inorganic,,,0,18.015,H2O,1,1,False,O,H2O,H2O,H2O,D,True,alcohol,inorganic,False,False
ammonia,N,inorganic,,,0,17.031,H3N,1,1,False,N,H3N,NH3,NH3,K,True,amine,inorganic,False,False
carbon dioxide,O=C=O,inorganic,,,1,44.009,CO2,2,1,True,O=C=O,CO2,CO2,CO2,N,True,inorganic,inorganic,True,True
carbon monoxide,[C-]#[O+],inorganic,,,1,28.01,CO,3,2,True,[C-]#[O+],CO,CO,CO,N,True,inorganic,inorganic,True,True
sodium chloride,[Na+].[Cl-],inorganic,,,0,58.443,ClNa,2,1,True,[Cl-].[Na+],ClNa,NaCl,NaCl,M,True,halide,inorganic,False,False
sulfuric acid,OS(=O)(=O)O,inorganic,,,0,98.07899999999998,H2O4S,3,1,True,O=S(=O)(O)O,H2O4S,H2SO4,H2SO4,N,True,inorganic,inorganic,True,True
nitric acid,O[N+](=O)[O-],inorganic,,,0,63.01200000000001,HNO3,3,1,True,O=[N+]([O-])O,HNO3,HNO3,HNO3,G,True,carboxylic acid,inorganic,False,False
hydrochloric acid,Cl,inorganic,,,0,36.461000000000006,HCl,4,1,True,Cl,HCl,HCl,HCl,M,True,halide,inorganic,False,False
potassium chloride,[K+].[Cl-],inorganic,,,0,74.551,ClK,2,1,True,[Cl-].[K+],ClK,KCl,KCl,M,True,halide,inorganic,False,False
hydrogen peroxide,OO,inorganic,,,0,34.014,H2O2,3,2,True,OO,H2O2,H2O2,H2O2,N,True,inorganic,inorganic,True,True
ozone,[O-][O+]=O,inorganic,,,0,47.997,O3,1,1,False,O=[O+][O-],O3,O3,O3,N,True,inorganic,inorganic,True,True
sulfur dioxide,O=S=O,inorganic,,,0,64.065,O2S,2,1,True,O=S=O,O2S,SO2,SO2,N,True,inorganic,inorganic,True,True
nitrous oxide,[N-]=[N+]=O,inorganic,,,0,44.013,N2O,3,1,True,[N-]=[N+]=O,N2O,N2O,N2O,N,True,inorganic,inorganic,True,True
hydrogen sulfide,S,inorganic,,,0,34.083,H2S,3,2,True,S,H2S,H2S,H2S,N,True,inorganic,inorganic,True,True
phosphoric acid,OP(O)(O)=O,inorganic,,,0,97.994,H3O4P,3,1,True,O=P(O)(O)O,H3O4P,H3PO4,H3PO4,N,True,inorganic,inorganic,True,True
calcium carbonate,[Ca+2].[O-]C([O-])=O,inorganic,,,1,100.086,CCaO3,2,1,True,O=C([O-])[O-].[Ca+2],CCaO3,CaCO3,CaCO3,N,True,inorganic,inorganic,True,True
glucose,OCC1OC(O)C(O)C(O)C1O,other,,,6,180.156,C6H12O6,1,1,False,OCC1OC(O)C(O)C(O)C1O,C6H12O6,C6H12O6,C6H12O6,D,True,alcohol,"alcohol,ether",True,True
caffeine,Cn1cnc2c1c(=O)n(C)c(=O)n2C,other,,,8,194.194,C8H10N4O2,1,1,False,Cn1c(=O)c2c(ncn2C)n(C)c1=O,C8H10N4O2,C8H10N4O2,C8H10N4O2,L,True,aromatic,"amine,aromatic",True,True
nicotine,CN1CCCC1c1cccnc1,other,,,10,162.236,C10H14N2,1,1,False,CN1CCCC1c1cccnc1,C10H14N2,C10H14N2,C10H14N2,K,True,amine,"amine,aromatic",True,True
urea,NC(N)=O,other,,,1,60.056,CH4N2O,2,2,False,NC(N)=O,CH4N2O,CO(NH2)2,CO(NH2)2,J,True,amide,amide,True,True
dioxane,C1COCCO1,other,,,4,88.106,C4H8O2,3,3,False,C1COCCO1,C4H8O2,C₄H₈O₂,C₄H₈O₂,I.,True,ether,ether,True,True
diethyl ether,CCOCC,other,,,4,74.123,C4H10O,3,1,True,CCOCC,C4H10O,C2H5OC2H5,C2H5OC2H5,I,True,ether,ether,True,True
formamide,NC=O,other,,,1,45.041,CH3NO,2,2,False,NC=O,CH3NO,CH₃NO,CH₃NO,J,True,amide,amide,True,True
glycine,NCC(O)=O,other,,,2,75.067,C2H5NO2,2,2,False,NCC(=O)O,C2H5NO2,C2H5NO2,C2H5NO2,K,True,amine,"amine,carboxylic acid",True,True
alanine,CC(N)C(O)=O,other,,,3,89.09399999999998,C3H7NO2,2,2,False,CC(N)C(=O)O,C3H7NO2,C₃H₇NO₂,C₃H₇NO₂,K,True,amine,"amine,carboxylic acid",True,True
ascorbic acid,OCC(O)C1OC(=O)C(O)=C1O,other,,,6,176.124,C6H8O6,4,1,True,O=C1OC(C(O)CO)C(O)=C1O,C6H8O6,C6H8O6,C6H8O6,G,True,carboxylic acid,"alcohol,alkene,ester",False,False
ethylene oxide,C1CO1,other,,,2,44.053,C2H4O,3,1,True,C1CO1,C2H4O,C2H4O,C2H4O,B,True,alkene,ether,False,False
propylene oxide,CC1CO1,other,,,3,58.08,C3H6O,3,1,True,CC1CO1,C3H6O,C₃H₆O,C₃H₆O,I.,True,ether,ether,True,True
ibuprofen,CC(C)Cc1ccc(C(C)C(O)=O)cc1,other,,,13,206.285,C13H18O2,3,3,False,CC(C)Cc1ccc(C(C)C(=O)O)cc1,C13H18O2,C13H18O2,C13H18O2,J,True,amide,"aromatic,carboxylic acid",False,False
adrenaline,CNCC(O)c1ccc(O)c(O)c1,other,,,9,183.207,C9H13NO3,1,1,False,CNCC(O)c1ccc(O)c(O)c1,C9H13NO3,C9H13NO3,C9H13NO3,K,True,amine,"alcohol,amine,aromatic",True,True
testosterone,CC12CCC3C(CCC4=CC(=O)CCC34C)C1CCC2O,other,,,19,288.431,C19H28O2,1,1,False,CC12CCC(=O)C=C1CCC1C2CCC2(C)C(O)CCC12,C19H28O2,C19H28O2,C19H28O2,K,True,amine,"alcohol,alkene,ketone",False,False
valine,CC(C)C(N)C(O)=O,other,,,5,117.14799999999998,C5H11NO2,2,2,False,CC(C)C(N)C(=O)O,C5H11NO2,C5H11NO2,C5H11NO2,K,True,amine,"amine,carboxylic acid",True,True
leucine,CC(C)CC(N)C(O)=O,other,,,6,131.17499999999998,C6H13NO2,3,3,False,CC(C)CC(N)C(=O)O,C6H13NO2,C6H13NHO2,C6H13NHO2,J,False,amide,"amine,carboxylic acid",False,False
proline,OC(=O)C1CCCN1,other,,,5,115.13200000000002,C5H9NO2,2,2,False,O=C(O)C1CCCN1,C5H9NO2,C5H9NO2,C5H9NO2,K,True,amine,"amine,carboxylic acid",True,True
serine,OCC(N)C(O)=O,other,,,3,105.093,C3H7NO3,2,2,False,NC(CO)C(=O)O,C3H7NO3,C3H7NO2,C3H7NO2,K,False,amine,"alcohol,amine,carboxylic acid",True,False
threonine,CC(O)C(N)C(O)=O,other,,,4,119.12,C4H9NO3,3,3,False,CC(O)C(N)C(=O)O,C4H9NO3,C4H9NO3,C4H9NO3,K,True,amine,"alcohol,amine,carboxylic acid",True,True
cysteine,SCC(N)C(O)=O,other,,,3,121.161,C3H7NO2S,3,3,False,NC(CS)C(=O)O,C3H7NO2S,C4H9NO2S,C4H9NO2S,K,False,amine,"amine,carboxylic acid",True,False
methionine,CSCCC(N)C(O)=O,other,,,5,149.215,C5H11NO2S,3,3,False,CSCCC(N)C(=O)O,C5H11NO2S,C5H11NO2S,C5H11NO2S,K,True,amine,"amine,carboxylic acid",True,True
lysine,NCCCCC(N)C(O)=O,other,,,6,146.19,C6H14N2O2,2,2,False,NCCCCC(N)C(=O)O,C6H14N2O2,C6H14N2O2,C6H14N2O2,K,True,amine,"amine,carboxylic acid",True,True
arginine,NC(=N)NCCCC(N)C(O)=O,other,,,6,174.204,C6H14N4O2,2,2,False,N=C(N)NCCCC(N)C(=O)O,C6H14N4O2,C6H14N4O2,C6H14N4O2,K,True,amine,"amine,carboxylic acid",True,True
glutamic acid,OC(=O)CCC(N)C(O)=O,other,,,5,147.13000000000002,C5H9NO4,3,1,True,NC(CCC(=O)O)C(=O)O,C5H9NO4,C₅H₉NO₄,C₅H₉NO₄,G,True,carboxylic acid,"amine,carboxylic acid",True,True
fructose,OCC(O)C(O)C(O)C(=O)CO,other,,,6,180.156,C6H12O6,2,2,False,O=C(CO)C(O)C(O)C(O)CO,C6H12O6,C6H12O6,C6H12O6,F,True,ketone,"alcohol,ketone",True,True
ribose,OCC(O)C(O)C(O)C=O,other,,,5,150.13,C5H10O5,2,2,False,O=CC(O)C(O)C(O)CO,C5H10O5,C5H10O5,C5H10O5,K,True,amine,"alcohol,aldehyde",False,False
estradiol,CC12CCC3C(CCc4cc(O)ccc34)C1CCC2O,other,,,18,272.388,C18H24O2,3,3,False,CC12CCC3c4ccc(O)cc4CCC3C1CCC2O,C18H24O2,C18H24O2,C18H24O2,J,True,amide,"alcohol,aromatic",False,False
dimethyl sulfide,CSC,other,,,2,62.137,C2H6S,4,2,True,CSC,C2H6S,(CH₃)₂S,(CH₃)₂S,I.,True,ether,inorganic,False,False
diethyl sulfide,CCSCC,other,,,4,90.191,C4H10S,4,2,True,CCSCC,C4H10S,C2H6S,C2H6S,I.,False,ether,inorganic,False,False
sulfolane,O=S1(=O)CCCC1,other,,,4,120.173,C4H8O2S,3,3,False,O=S1(=O)CCCC1,C4H8O2S,C4H8O2S,C4H8O2S,J,True,amide,inorganic,False,False
isoprene,CC(=C)C=C,alkene,,,5,68.11900000000001,C5H8,3,3,False,C=CC(=C)C,C5H8,C5H8,C5H8,B,True,alkene,alkene,True,True
butadiene,C=CC=C,alkene,,,4,54.09199999999999,C4H6,3,3,False,C=CC=C,C4H6,C4H6,C4H6,B,True,alkene,alkene,True,True
acetylene,C#C,alkene,,,2,26.038,C2H2,3,3,False,C#C,C2H2,C2H2,C2H2,C,True,alkyne,alkyne,True,True
propyne,C#CC,alkene,,,3,40.065,C3H4,2,2,False,C#CC,C3H4,C₃H₄,C₃H₄,C,True,alkyne,alkyne,True,True
limonene,CC(=C)C1CCC(C)=CC1,alkene,,,10,136.238,C10H16,3,3,False,C=C(C)C1CC=C(C)CC1,C10H16,C10H16,C10H16,B,True,alkene,alkene,True,True
pinene,CC1=CCC2CC1C2(C)C,alkene,,,10,136.238,C10H16,2,2,False,CC1=CCC2CC1C2(C)C,C10H16,C₁₀H₁₆,C₁₀H₁₆,B,True,alkene,alkene,True,True
